{
  "members": {
    "mmh76f2hxuf8ziv": {
      "id": "mmh76f2hxuf8ziv",
      "name": "Puang Guru Nasing",
      "birth": "",
      "death": "",
      "photo": "assets/default-avatar.png",
      "spouseExternal": "Istrinya",
      "children": [
        "mmh76f2hx5sjglj",
        "mmh76f2hx7ilnq9",
        "mmh76f2hx3eqca7",
        "mmh76f2hx8t6bd2"
      ]
    },
    "mmh76f2hx5sjglj": {
      "id": "mmh76f2hx5sjglj",
      "name": "Puang Tadung",
      "birth": "",
      "death": "",
      "photo": "assets/default-avatar.png",
      "spouseExternal": "Puang Caccing",
      "children": [
        "mmh76f2hxm2foc1",
        "mmh76f2hxka1uiy",
        "mmh76f2hxt038b2",
        "mmh76f2hxg9jf3u",
        "mmh76f2hxq0y29j",
        "mmh76f2hxxdm2mu",
        "mmh76f2hxficq34",
        "mmh76f2hxorx5mg"
      ]
    },
    "mmh76f2hxm2foc1": {
      "id": "mmh76f2hxm2foc1",
      "name": "Puang Kebo'",
      "birth": "",
      "death": "",
      "photo": "assets/default-avatar.png",
      "spouse": null,
      "children": [
        "mmh76f2hx2s4kad",
        "mmh76f2hx6s2bpe",
        "mmh76f2hxqhb2eg",
        "mmh76f2hx1crosi",
        "mmh76f2hxez6wiy"
      ]
    },
    "mmh76f2hx2s4kad": {
      "id": "mmh76f2hx2s4kad",
      "name": "P. Ngai",
      "birth": "",
      "death": "",
      "photo": "assets/default-avatar.png",
      "spouse": null,
      "children": []
    },
    "mmh76f2hx6s2bpe": {
      "id": "mmh76f2hx6s2bpe",
      "name": "P. Pisa",
      "birth": "",
      "death": "",
      "photo": "assets/default-avatar.png",
      "spouse": null,
      "children": []
    },
    "mmh76f2hxqhb2eg": {
      "id": "mmh76f2hxqhb2eg",
      "name": "P. Halima",
      "birth": "",
      "death": "",
      "photo": "assets/default-avatar.png",
      "spouse": null,
      "children": []
    },
    "mmh76f2hx1crosi": {
      "id": "mmh76f2hx1crosi",
      "name": "P. Ahmad",
      "birth": "",
      "death": "",
      "photo": "assets/default-avatar.png",
      "spouse": null,
      "children": []
    },
    "mmh76f2hxez6wiy": {
      "id": "mmh76f2hxez6wiy",
      "name": "P. Marsuki",
      "birth": "",
      "death": "",
      "photo": "assets/default-avatar.png",
      "spouse": null,
      "children": []
    },
    "mmh76f2hxka1uiy": {
      "id": "mmh76f2hxka1uiy",
      "name": "Sallimang P. Ballung",
      "birth": "",
      "death": "",
      "photo": "assets/default-avatar.png",
      "spouse": null,
      "children": [
        "mmh76f2hxy1shdp",
        "mmh76f2hxt5nnnd",
        "mmh76f2hxn9wj3u",
        "mmh76f2hx56t7xg",
        "mmh76f2hxnpcwm0",
        "mmh76f2hxjyuzzb",
        "mmh76f2hxry3jf4",
        "mmh76f2hxe22sza",
        "mmh76f2hx0qxhhm"
      ]
    },
    "mmh76f2hxy1shdp": {
      "id": "mmh76f2hxy1shdp",
      "name": "Anisi P. So`na",
      "birth": "",
      "death": "",
      "photo": "assets/default-avatar.png",
      "spouse": null,
      "children": []
    },
    "mmh76f2hxt5nnnd": {
      "id": "mmh76f2hxt5nnnd",
      "name": "Pak Yakub Ahmad",
      "birth": "",
      "death": "",
      "photo": "assets/default-avatar.png",
      "spouse": null,
      "children": []
    },
    "mmh76f2hxn9wj3u": {
      "id": "mmh76f2hxn9wj3u",
      "name": "Abd. Razak Ahmad",
      "birth": "",
      "death": "",
      "photo": "assets/default-avatar.png",
      "spouse": null,
      "children": []
    },
    "mmh76f2hx56t7xg": {
      "id": "mmh76f2hx56t7xg",
      "name": "Syamsiah",
      "birth": "",
      "death": "",
      "photo": "assets/default-avatar.png",
      "spouse": null,
      "children": []
    },
    "mmh76f2hxnpcwm0": {
      "id": "mmh76f2hxnpcwm0",
      "name": "Muliati Ahmad",
      "birth": "",
      "death": "",
      "photo": "assets/default-avatar.png",
      "spouse": null,
      "children": []
    },
    "mmh76f2hxjyuzzb": {
      "id": "mmh76f2hxjyuzzb",
      "name": "Nurhayati Ahmad",
      "birth": "",
      "death": "",
      "photo": "assets/default-avatar.png",
      "spouse": null,
      "children": []
    },
    "mmh76f2hxry3jf4": {
      "id": "mmh76f2hxry3jf4",
      "name": "St. Harmin Ahmad",
      "birth": "",
      "death": "",
      "photo": "assets/default-avatar.png",
      "spouse": null,
      "children": []
    },
    "mmh76f2hxe22sza": {
      "id": "mmh76f2hxe22sza",
      "name": "Muh. Tayyeb Ahmad",
      "birth": "",
      "death": "",
      "photo": "assets/default-avatar.png",
      "spouse": null,
      "children": []
    },
    "mmh76f2hx0qxhhm": {
      "id": "mmh76f2hx0qxhhm",
      "name": "Yusuf Ahmad",
      "birth": "",
      "death": "",
      "photo": "assets/default-avatar.png",
      "spouse": null,
      "children": []
    },
    "mmh76f2hxt038b2": {
      "id": "mmh76f2hxt038b2",
      "name": "Muh. Yusuf P. Lawa",
      "birth": "",
      "death": "",
      "photo": "assets/default-avatar.png",
      "spouse": null,
      "children": [
        "mmh76f2hxygll9o",
        "mmh76f2hxaowepn",
        "mmh76f2hxbqlopo",
        "mmh76f2hx9iifj5",
        "mmh76f2hx80w0id"
      ]
    },
    "mmh76f2hxygll9o": {
      "id": "mmh76f2hxygll9o",
      "name": "Rustam",
      "birth": "",
      "death": "",
      "photo": "assets/default-avatar.png",
      "spouse": null,
      "children": []
    },
    "mmh76f2hxaowepn": {
      "id": "mmh76f2hxaowepn",
      "name": "Rusli",
      "birth": "",
      "death": "",
      "photo": "assets/default-avatar.png",
      "spouse": null,
      "children": []
    },
    "mmh76f2hxbqlopo": {
      "id": "mmh76f2hxbqlopo",
      "name": "Djamaluddin",
      "birth": "",
      "death": "",
      "photo": "assets/default-avatar.png",
      "spouse": null,
      "children": []
    },
    "mmh76f2hx9iifj5": {
      "id": "mmh76f2hx9iifj5",
      "name": "Muh. Amin",
      "birth": "",
      "death": "",
      "photo": "assets/default-avatar.png",
      "spouse": null,
      "children": []
    },
    "mmh76f2hx80w0id": {
      "id": "mmh76f2hx80w0id",
      "name": "Syamsuddin",
      "birth": "",
      "death": "",
      "photo": "assets/default-avatar.png",
      "spouse": null,
      "children": []
    },
    "mmh76f2hxg9jf3u": {
      "id": "mmh76f2hxg9jf3u",
      "name": "Muh. Kadir P. Siala",
      "birth": "",
      "death": "",
      "photo": "assets/default-avatar.png",
      "spouse": null,
      "children": [
        "mmh76f2hxiwv0e7",
        "mmh76f2hxgvc0np",
        "mmh76f2hxk1mfps",
        "mmh76f2hxcckt6s",
        "mmh76f2hxf3junw"
      ]
    },
    "mmh76f2hxiwv0e7": {
      "id": "mmh76f2hxiwv0e7",
      "name": "Nuraeni P. Suji",
      "birth": "",
      "death": "",
      "photo": "assets/default-avatar.png",
      "spouse": null,
      "children": []
    },
    "mmh76f2hxgvc0np": {
      "id": "mmh76f2hxgvc0np",
      "name": "Nurbakti P. Se're",
      "birth": "",
      "death": "",
      "photo": "assets/default-avatar.png",
      "spouse": null,
      "children": []
    },
    "mmh76f2hxk1mfps": {
      "id": "mmh76f2hxk1mfps",
      "name": "Nurhayati P. Ngai",
      "birth": "",
      "death": "",
      "photo": "assets/default-avatar.png",
      "spouse": null,
      "children": []
    },
    "mmh76f2hxcckt6s": {
      "id": "mmh76f2hxcckt6s",
      "name": "Nur Ansar P. Lawa",
      "birth": "",
      "death": "",
      "photo": "assets/default-avatar.png",
      "spouse": null,
      "children": []
    },
    "mmh76f2hxf3junw": {
      "id": "mmh76f2hxf3junw",
      "name": "Sukardi P. Sijarra",
      "birth": "",
      "death": "",
      "photo": "assets/default-avatar.png",
      "spouse": null,
      "children": []
    },
    "mmh76f2hxq0y29j": {
      "id": "mmh76f2hxq0y29j",
      "name": "Aisyah P. Siang",
      "birth": "",
      "death": "",
      "photo": "assets/default-avatar.png",
      "spouse": null,
      "children": [
        "mmh76f2hxdyfuda",
        "mmh76f2hxauoizk",
        "mmh76f2hxxkxe2o",
        "mmh76f2hxg29q1c",
        "mmh76f2hxa8gajk",
        "mmh76f2hx7wxwic",
        "mmh76f2hxu7jpff"
      ]
    },
    "mmh76f2hxdyfuda": {
      "id": "mmh76f2hxdyfuda",
      "name": "A. Asiah Pt. Lino",
      "birth": "",
      "death": "",
      "photo": "assets/default-avatar.png",
      "spouse": null,
      "children": []
    },
    "mmh76f2hxauoizk": {
      "id": "mmh76f2hxauoizk",
      "name": "A. Rahman Pt. Sarro",
      "birth": "",
      "death": "",
      "photo": "assets/default-avatar.png",
      "spouse": null,
      "children": []
    },
    "mmh76f2hxxkxe2o": {
      "id": "mmh76f2hxxkxe2o",
      "name": "A. Kartini Pt. Tajammeng",
      "birth": "",
      "death": "",
      "photo": "assets/default-avatar.png",
      "spouse": null,
      "children": []
    },
    "mmh76f2hxg29q1c": {
      "id": "mmh76f2hxg29q1c",
      "name": "A. Muhtar Pt. Sempa",
      "birth": "",
      "death": "",
      "photo": "assets/default-avatar.png",
      "spouse": null,
      "children": []
    },
    "mmh76f2hxa8gajk": {
      "id": "mmh76f2hxa8gajk",
      "name": "A. Murni Pt. Kanang",
      "birth": "",
      "death": "",
      "photo": "assets/default-avatar.png",
      "spouse": null,
      "children": []
    },
    "mmh76f2hx7wxwic": {
      "id": "mmh76f2hx7wxwic",
      "name": "A. Darmawati Pt. Intang",
      "birth": "",
      "death": "",
      "photo": "assets/default-avatar.png",
      "spouse": null,
      "children": []
    },
    "mmh76f2hxu7jpff": {
      "id": "mmh76f2hxu7jpff",
      "name": "A. Nasruddin Pt. Ego",
      "birth": "",
      "death": "",
      "photo": "assets/default-avatar.png",
      "spouse": null,
      "children": []
    },
    "mmh76f2hxxdm2mu": {
      "id": "mmh76f2hxxdm2mu",
      "name": "Usman P. Nyonri",
      "birth": "",
      "death": "",
      "photo": "assets/default-avatar.png",
      "spouse": null,
      "children": [
        "mmh76f2hxd6zgdm",
        "mmh76f2hx0tjwjf",
        "mmh76f2hx8mpt29",
        "mmh76f2hxrz6bey",
        "mmh76f2hx13gc9n",
        "mmh76f2hxnmqffa",
        "mmh76f2hx4e21z3",
        "mmh76f2hx5pgc1i",
        "mmh76f2hx4sltx5",
        "mmh76f2hxqk5zli",
        "mmh76f2hxja9c1c",
        "mmh76f2hxbkoncz",
        "mmh76f2hxg9gtbq",
        "mmh76f2hxqjcls9"
      ]
    },
    "mmh76f2hxd6zgdm": {
      "id": "mmh76f2hxd6zgdm",
      "name": "A. Hermansyah Pt. Situru",
      "birth": "",
      "death": "",
      "photo": "assets/default-avatar.png",
      "spouse": null,
      "children": []
    },
    "mmh76f2hx0tjwjf": {
      "id": "mmh76f2hx0tjwjf",
      "name": "Sudirman P. Talle",
      "birth": "",
      "death": "",
      "photo": "assets/default-avatar.png",
      "spouse": null,
      "children": []
    },
    "mmh76f2hx8mpt29": {
      "id": "mmh76f2hx8mpt29",
      "name": "Hasmawati P. Lu'mu",
      "birth": "",
      "death": "",
      "photo": "assets/default-avatar.png",
      "spouse": null,
      "children": []
    },
    "mmh76f2hxrz6bey": {
      "id": "mmh76f2hxrz6bey",
      "name": "Muliati P. Sangnging",
      "birth": "",
      "death": "",
      "photo": "assets/default-avatar.png",
      "spouse": null,
      "children": []
    },
    "mmh76f2hx13gc9n": {
      "id": "mmh76f2hx13gc9n",
      "name": "Sudarmin P. Rewa",
      "birth": "",
      "death": "",
      "photo": "assets/default-avatar.png",
      "spouse": null,
      "children": []
    },
    "mmh76f2hxnmqffa": {
      "id": "mmh76f2hxnmqffa",
      "name": "Sulaeman",
      "birth": "",
      "death": "",
      "photo": "assets/default-avatar.png",
      "spouse": null,
      "children": []
    },
    "mmh76f2hx4e21z3": {
      "id": "mmh76f2hx4e21z3",
      "name": "Arif P. Sijaya",
      "birth": "",
      "death": "",
      "photo": "assets/default-avatar.png",
      "spouse": null,
      "children": []
    },
    "mmh76f2hx5pgc1i": {
      "id": "mmh76f2hx5pgc1i",
      "name": "Syahrir P. Beta",
      "birth": "",
      "death": "",
      "photo": "assets/default-avatar.png",
      "spouse": null,
      "children": []
    },
    "mmh76f2hx4sltx5": {
      "id": "mmh76f2hx4sltx5",
      "name": "Mustakim P. Tippa",
      "birth": "",
      "death": "",
      "photo": "assets/default-avatar.png",
      "spouse": null,
      "children": []
    },
    "mmh76f2hxqk5zli": {
      "id": "mmh76f2hxqk5zli",
      "name": "Hariati P. Jinne",
      "birth": "",
      "death": "",
      "photo": "assets/default-avatar.png",
      "spouse": null,
      "children": []
    },
    "mmh76f2hxja9c1c": {
      "id": "mmh76f2hxja9c1c",
      "name": "Muriati P. Te'ne",
      "birth": "",
      "death": "",
      "photo": "assets/default-avatar.png",
      "spouse": null,
      "children": []
    },
    "mmh76f2hxbkoncz": {
      "id": "mmh76f2hxbkoncz",
      "name": "Sitti Rahmawati P. Rampu",
      "birth": "",
      "death": "",
      "photo": "assets/default-avatar.png",
      "spouse": null,
      "children": []
    },
    "mmh76f2hxg9gtbq": {
      "id": "mmh76f2hxg9gtbq",
      "name": "Sarmila",
      "birth": "",
      "death": "",
      "photo": "assets/default-avatar.png",
      "spouse": null,
      "children": []
    },
    "mmh76f2hxqjcls9": {
      "id": "mmh76f2hxqjcls9",
      "name": "Nia",
      "birth": "",
      "death": "",
      "photo": "assets/default-avatar.png",
      "spouse": null,
      "children": []
    },
    "mmh76f2hxficq34": {
      "id": "mmh76f2hxficq34",
      "name": "Aminah",
      "birth": "",
      "death": "",
      "photo": "assets/default-avatar.png",
      "spouse": null,
      "children": []
    },
    "mmh76f2hxorx5mg": {
      "id": "mmh76f2hxorx5mg",
      "name": "Saleh",
      "birth": "",
      "death": "",
      "photo": "assets/default-avatar.png",
      "spouse": null,
      "children": []
    },
    "mmh76f2hx7ilnq9": {
      "id": "mmh76f2hx7ilnq9",
      "name": "Puang Hammadu",
      "birth": "",
      "death": "",
      "photo": "assets/default-avatar.png",
      "spouse": null,
      "children": [
        "mmh76f2hx01exz0",
        "mmh76f2hxudl33z",
        "mmh76f2hxionmpo",
        "mmh76f2hxyo9vkk"
      ]
    },
    "mmh76f2hx01exz0": {
      "id": "mmh76f2hx01exz0",
      "name": "P. Halimah",
      "birth": "",
      "death": "",
      "photo": "assets/default-avatar.png",
      "spouse": null,
      "children": []
    },
    "mmh76f2hxudl33z": {
      "id": "mmh76f2hxudl33z",
      "name": "P. Suado",
      "birth": "",
      "death": "",
      "photo": "assets/default-avatar.png",
      "spouse": null,
      "children": []
    },
    "mmh76f2hxionmpo": {
      "id": "mmh76f2hxionmpo",
      "name": "P. Hawwa",
      "birth": "",
      "death": "",
      "photo": "assets/default-avatar.png",
      "spouse": null,
      "children": []
    },
    "mmh76f2hxyo9vkk": {
      "id": "mmh76f2hxyo9vkk",
      "name": "P. Mu'min",
      "birth": "",
      "death": "",
      "photo": "assets/default-avatar.png",
      "spouse": null,
      "children": []
    },
    "mmh76f2hx3eqca7": {
      "id": "mmh76f2hx3eqca7",
      "name": "Puang Badu",
      "birth": "",
      "death": "",
      "photo": "assets/default-avatar.png",
      "spouse": null,
      "children": [
        "mmh76f2hx4sk7zx",
        "mmh76f2hx362xm1",
        "mmh76f2hxi4usmu"
      ]
    },
    "mmh76f2hx4sk7zx": {
      "id": "mmh76f2hx4sk7zx",
      "name": "Arie Karim P. Rapi",
      "birth": "",
      "death": "",
      "photo": "assets/default-avatar.png",
      "spouse": null,
      "children": [
        "mmh76f2hxuftwzf",
        "mmh76f2hxilxnk7",
        "mmh76f2hxrm1asl",
        "mmh76f2hx75tpx3",
        "mmh76f2hxdyf5x4"
      ]
    },
    "mmh76f2hxuftwzf": {
      "id": "mmh76f2hxuftwzf",
      "name": "M. Syahrir AK Dg. Nasing",
      "birth": "",
      "death": "",
      "photo": "assets/default-avatar.png",
      "spouse": null,
      "children": []
    },
    "mmh76f2hxilxnk7": {
      "id": "mmh76f2hxilxnk7",
      "name": "M. Fahry AK Dg. Pacilo",
      "birth": "",
      "death": "",
      "photo": "assets/default-avatar.png",
      "spouse": null,
      "children": []
    },
    "mmh76f2hxrm1asl": {
      "id": "mmh76f2hxrm1asl",
      "name": "Farida AK Dg. Rimang",
      "birth": "",
      "death": "",
      "photo": "assets/default-avatar.png",
      "spouse": null,
      "children": []
    },
    "mmh76f2hx75tpx3": {
      "id": "mmh76f2hx75tpx3",
      "name": "Chandra AK Dg. Beta",
      "birth": "",
      "death": "",
      "photo": "assets/default-avatar.png",
      "spouse": null,
      "children": []
    },
    "mmh76f2hxdyf5x4": {
      "id": "mmh76f2hxdyf5x4",
      "name": "Dewiyanie AK Dg. Memang",
      "birth": "",
      "death": "",
      "photo": "assets/default-avatar.png",
      "spouse": null,
      "children": []
    },
    "mmh76f2hx362xm1": {
      "id": "mmh76f2hx362xm1",
      "name": "Hasna P. Kanang",
      "birth": "",
      "death": "",
      "photo": "assets/default-avatar.png",
      "spouse": null,
      "children": [
        "mmh76f2hx3aqf17",
        "mmh76f2hxxns6vt",
        "mmh76f2hxrwzwok",
        "mmh76f2hxwv5ele"
      ]
    },
    "mmh76f2hx3aqf17": {
      "id": "mmh76f2hx3aqf17",
      "name": "Amran Dg. Sese",
      "birth": "",
      "death": "",
      "photo": "assets/default-avatar.png",
      "spouse": null,
      "children": []
    },
    "mmh76f2hxxns6vt": {
      "id": "mmh76f2hxxns6vt",
      "name": "Haris Dg. Ngitung",
      "birth": "",
      "death": "",
      "photo": "assets/default-avatar.png",
      "spouse": null,
      "children": []
    },
    "mmh76f2hxrwzwok": {
      "id": "mmh76f2hxrwzwok",
      "name": "Hermi Dg. Pa'ja",
      "birth": "",
      "death": "",
      "photo": "assets/default-avatar.png",
      "spouse": null,
      "children": []
    },
    "mmh76f2hxwv5ele": {
      "id": "mmh76f2hxwv5ele",
      "name": "Suriani Dg. Nginga",
      "birth": "",
      "death": "",
      "photo": "assets/default-avatar.png",
      "spouse": null,
      "children": []
    },
    "mmh76f2hxi4usmu": {
      "id": "mmh76f2hxi4usmu",
      "name": "Hafsah P. Rannu",
      "birth": "",
      "death": "",
      "photo": "assets/default-avatar.png",
      "spouse": null,
      "children": [
        "mmh76f2hx6f5ocd",
        "mmh76f2hx4cwxb1",
        "mmh76f2hxd99nis",
        "mmh76f2hx0y1y8d",
        "mmh76f2hx9a2wr6",
        "mmh76f2hxiioza1",
        "mmh76f2hxirb8kt",
        "mmh76f2hx1fibi2"
      ]
    },
    "mmh76f2hx6f5ocd": {
      "id": "mmh76f2hx6f5ocd",
      "name": "Andriani Dg. Kati",
      "birth": "",
      "death": "",
      "photo": "assets/default-avatar.png",
      "spouse": null,
      "children": []
    },
    "mmh76f2hx4cwxb1": {
      "id": "mmh76f2hx4cwxb1",
      "name": "Andrianti Dg. Sompa",
      "birth": "",
      "death": "",
      "photo": "assets/default-avatar.png",
      "spouse": null,
      "children": []
    },
    "mmh76f2hxd99nis": {
      "id": "mmh76f2hxd99nis",
      "name": "Sakir Dg. Nagga",
      "birth": "",
      "death": "",
      "photo": "assets/default-avatar.png",
      "spouse": null,
      "children": []
    },
    "mmh76f2hx0y1y8d": {
      "id": "mmh76f2hx0y1y8d",
      "name": "Satria Dg. Tarring",
      "birth": "",
      "death": "",
      "photo": "assets/default-avatar.png",
      "spouse": null,
      "children": []
    },
    "mmh76f2hx9a2wr6": {
      "id": "mmh76f2hx9a2wr6",
      "name": "Salma Dg. Lu'mu",
      "birth": "",
      "death": "",
      "photo": "assets/default-avatar.png",
      "spouse": null,
      "children": []
    },
    "mmh76f2hxiioza1": {
      "id": "mmh76f2hxiioza1",
      "name": "Syahrul Dg. Bombong",
      "birth": "",
      "death": "",
      "photo": "assets/default-avatar.png",
      "spouse": null,
      "children": []
    },
    "mmh76f2hxirb8kt": {
      "id": "mmh76f2hxirb8kt",
      "name": "Syamsinar Dg. Janna",
      "birth": "",
      "death": "",
      "photo": "assets/default-avatar.png",
      "spouse": null,
      "children": []
    },
    "mmh76f2hx1fibi2": {
      "id": "mmh76f2hx1fibi2",
      "name": "Syarif Dg. Mone",
      "birth": "",
      "death": "",
      "photo": "assets/default-avatar.png",
      "spouse": null,
      "children": []
    },
    "mmh76f2hx8t6bd2": {
      "id": "mmh76f2hx8t6bd2",
      "name": "Puang Dida",
      "birth": "",
      "death": "",
      "photo": "assets/default-avatar.png",
      "spouse": null,
      "children": [
        "mmh76f2hxxdud50",
        "mmh76f2hxbdq3x0",
        "mmh76f2hxk9pp2h",
        "mmh76f2hx055l3u",
        "mmh76f2hxksuksb"
      ]
    },
    "mmh76f2hxxdud50": {
      "id": "mmh76f2hxxdud50",
      "name": "P. Hasan",
      "birth": "",
      "death": "",
      "photo": "assets/default-avatar.png",
      "spouse": null,
      "children": [
        "mmh76f2hxfg461e",
        "mmh76f2hxotxhfx",
        "mmh76f2hx44z2k7"
      ]
    },
    "mmh76f2hxfg461e": {
      "id": "mmh76f2hxfg461e",
      "name": "H. Zainuddin",
      "birth": "",
      "death": "",
      "photo": "assets/default-avatar.png",
      "spouse": null,
      "children": [
        "mmh76f2hxfguvyk",
        "mmh76f2hx64xe64",
        "mmh76f2hxdua0kq",
        "mmh76f2hx4c2c6x"
      ]
    },
    "mmh76f2hxfguvyk": {
      "id": "mmh76f2hxfguvyk",
      "name": "Hasriani Zainuddin",
      "birth": "",
      "death": "",
      "photo": "assets/default-avatar.png",
      "spouse": null,
      "children": []
    },
    "mmh76f2hx64xe64": {
      "id": "mmh76f2hx64xe64",
      "name": "Hasniati Zainuddin",
      "birth": "",
      "death": "",
      "photo": "assets/default-avatar.png",
      "spouse": null,
      "children": []
    },
    "mmh76f2hxdua0kq": {
      "id": "mmh76f2hxdua0kq",
      "name": "Ahmad Syauki Zainuddin",
      "birth": "",
      "death": "",
      "photo": "assets/default-avatar.png",
      "spouse": null,
      "children": []
    },
    "mmh76f2hx4c2c6x": {
      "id": "mmh76f2hx4c2c6x",
      "name": "Zahrani Zainuddin",
      "birth": "",
      "death": "",
      "photo": "assets/default-avatar.png",
      "spouse": null,
      "children": []
    },
    "mmh76f2hxotxhfx": {
      "id": "mmh76f2hxotxhfx",
      "name": "Sitti Salma",
      "birth": "",
      "death": "",
      "photo": "assets/default-avatar.png",
      "spouse": null,
      "children": [
        "mmh76f2hxk7a8io",
        "mmh76f2hxrduntd",
        "mmh76f2hx965q8y"
      ]
    },
    "mmh76f2hxk7a8io": {
      "id": "mmh76f2hxk7a8io",
      "name": "Nurhidayah Syah",
      "birth": "",
      "death": "",
      "photo": "assets/default-avatar.png",
      "spouse": null,
      "children": [
        "mmh76f2hxlrpc3a"
      ]
    },
    "mmh76f2hxlrpc3a": {
      "id": "mmh76f2hxlrpc3a",
      "name": "Muadz Wahyuddin",
      "birth": "",
      "death": "",
      "photo": "assets/default-avatar.png",
      "spouse": null,
      "children": []
    },
    "mmh76f2hxrduntd": {
      "id": "mmh76f2hxrduntd",
      "name": "Ihsan Syah",
      "birth": "",
      "death": "",
      "photo": "assets/default-avatar.png",
      "spouse": null,
      "children": [
        "mmh76f2hx5apt2o",
        "mmh76f2hxd8xchb"
      ]
    },
    "mmh76f2hx5apt2o": {
      "id": "mmh76f2hx5apt2o",
      "name": "Nadiratul Ihsan",
      "birth": "",
      "death": "",
      "photo": "assets/default-avatar.png",
      "spouse": null,
      "children": []
    },
    "mmh76f2hxd8xchb": {
      "id": "mmh76f2hxd8xchb",
      "name": "Afnan Al Fatih Nur Ihsan",
      "birth": "",
      "death": "",
      "photo": "assets/default-avatar.png",
      "spouse": null,
      "children": []
    },
    "mmh76f2hx965q8y": {
      "id": "mmh76f2hx965q8y",
      "name": "Akram Syah",
      "birth": "",
      "death": "",
      "photo": "assets/default-avatar.png",
      "spouse": null,
      "children": []
    },
    "mmh76f2hx44z2k7": {
      "id": "mmh76f2hx44z2k7",
      "name": "Nur Zam Zam",
      "birth": "",
      "death": "",
      "photo": "assets/default-avatar.png",
      "spouse": null,
      "children": []
    },
    "mmh76f2hxbdq3x0": {
      "id": "mmh76f2hxbdq3x0",
      "name": "P. Yunus",
      "birth": "",
      "death": "",
      "photo": "assets/default-avatar.png",
      "spouse": null,
      "children": [
        "mmh76f2hxewizop",
        "mmh76f2hx8vi7u3",
        "mmh76f2hxyt9kgk",
        "mmh76f2hx0m32n5",
        "mmh76f2hxk444k1",
        "mmh76f2hx8qppyv"
      ]
    },
    "mmh76f2hxewizop": {
      "id": "mmh76f2hxewizop",
      "name": "Muhammad Ilyas",
      "birth": "",
      "death": "",
      "photo": "assets/default-avatar.png",
      "spouse": null,
      "children": []
    },
    "mmh76f2hx8vi7u3": {
      "id": "mmh76f2hx8vi7u3",
      "name": "Marjani",
      "birth": "",
      "death": "",
      "photo": "assets/default-avatar.png",
      "spouse": null,
      "children": []
    },
    "mmh76f2hxyt9kgk": {
      "id": "mmh76f2hxyt9kgk",
      "name": "Syahrir",
      "birth": "",
      "death": "",
      "photo": "assets/default-avatar.png",
      "spouse": null,
      "children": []
    },
    "mmh76f2hx0m32n5": {
      "id": "mmh76f2hx0m32n5",
      "name": "Lukman",
      "birth": "",
      "death": "",
      "photo": "assets/default-avatar.png",
      "spouse": null,
      "children": []
    },
    "mmh76f2hxk444k1": {
      "id": "mmh76f2hxk444k1",
      "name": "Fitri",
      "birth": "",
      "death": "",
      "photo": "assets/default-avatar.png",
      "spouse": null,
      "children": []
    },
    "mmh76f2hx8qppyv": {
      "id": "mmh76f2hx8qppyv",
      "name": "Ayu",
      "birth": "",
      "death": "",
      "photo": "assets/default-avatar.png",
      "spouse": null,
      "children": []
    },
    "mmh76f2hxk9pp2h": {
      "id": "mmh76f2hxk9pp2h",
      "name": "P. Hapia",
      "birth": "",
      "death": "",
      "photo": "assets/default-avatar.png",
      "spouse": null,
      "children": [
        "mmh76f2hx7hsmad",
        "mmh76f2hxujg6sk",
        "mmh76f2hxolugbg",
        "mmh76f2hxryqqq0",
        "mmh76f2hx3z7o12"
      ]
    },
    "mmh76f2hx7hsmad": {
      "id": "mmh76f2hx7hsmad",
      "name": "Abdul Hakim",
      "birth": "",
      "death": "",
      "photo": "assets/default-avatar.png",
      "spouse": null,
      "children": []
    },
    "mmh76f2hxujg6sk": {
      "id": "mmh76f2hxujg6sk",
      "name": "Asikin",
      "birth": "",
      "death": "",
      "photo": "assets/default-avatar.png",
      "spouse": null,
      "children": []
    },
    "mmh76f2hxolugbg": {
      "id": "mmh76f2hxolugbg",
      "name": "Arifin",
      "birth": "",
      "death": "",
      "photo": "assets/default-avatar.png",
      "spouse": null,
      "children": []
    },
    "mmh76f2hxryqqq0": {
      "id": "mmh76f2hxryqqq0",
      "name": "Arsidin",
      "birth": "",
      "death": "",
      "photo": "assets/default-avatar.png",
      "spouse": null,
      "children": []
    },
    "mmh76f2hx3z7o12": {
      "id": "mmh76f2hx3z7o12",
      "name": "Agung",
      "birth": "",
      "death": "",
      "photo": "assets/default-avatar.png",
      "spouse": null,
      "children": []
    },
    "mmh76f2hx055l3u": {
      "id": "mmh76f2hx055l3u",
      "name": "P. M. Kasim Sabir",
      "birth": "",
      "death": "",
      "photo": "assets/default-avatar.png",
      "spouse": null,
      "children": [
        "mmh76f2hx345icg",
        "mmh76f2hxg7hwsk",
        "mmh76f2hx7hhgz6",
        "mmh76f2hx59hvvb",
        "mmh76f2hxg78clr",
        "mmh76f2hxdk9y63",
        "mmh76f2hxmghlau",
        "mmh76f2hxgxu4is",
        "mmh76f2hx7rrsba"
      ]
    },
    "mmh76f2hx345icg": {
      "id": "mmh76f2hx345icg",
      "name": "Nurlia",
      "birth": "",
      "death": "",
      "photo": "assets/default-avatar.png",
      "spouse": null,
      "children": []
    },
    "mmh76f2hxg7hwsk": {
      "id": "mmh76f2hxg7hwsk",
      "name": "Norma",
      "birth": "",
      "death": "",
      "photo": "assets/default-avatar.png",
      "spouse": null,
      "children": []
    },
    "mmh76f2hx7hhgz6": {
      "id": "mmh76f2hx7hhgz6",
      "name": "Muhammad Sukarli",
      "birth": "",
      "death": "",
      "photo": "assets/default-avatar.png",
      "spouse": null,
      "children": []
    },
    "mmh76f2hx59hvvb": {
      "id": "mmh76f2hx59hvvb",
      "name": "Suherman",
      "birth": "",
      "death": "",
      "photo": "assets/default-avatar.png",
      "spouse": null,
      "children": []
    },
    "mmh76f2hxg78clr": {
      "id": "mmh76f2hxg78clr",
      "name": "Sudirman",
      "birth": "",
      "death": "",
      "photo": "assets/default-avatar.png",
      "spouse": null,
      "children": []
    },
    "mmh76f2hxdk9y63": {
      "id": "mmh76f2hxdk9y63",
      "name": "Syamsu Alam",
      "birth": "",
      "death": "",
      "photo": "assets/default-avatar.png",
      "spouse": null,
      "children": []
    },
    "mmh76f2hxmghlau": {
      "id": "mmh76f2hxmghlau",
      "name": "Hamdan Dg. Nuntung",
      "birth": "",
      "death": "",
      "photo": "assets/default-avatar.png",
      "spouse": null,
      "children": []
    },
    "mmh76f2hxgxu4is": {
      "id": "mmh76f2hxgxu4is",
      "name": "Vera",
      "birth": "",
      "death": "",
      "photo": "assets/default-avatar.png",
      "spouse": null,
      "children": []
    },
    "mmh76f2hx7rrsba": {
      "id": "mmh76f2hx7rrsba",
      "name": "Hamka",
      "birth": "",
      "death": "",
      "photo": "assets/default-avatar.png",
      "spouse": null,
      "children": []
    },
    "mmh76f2hxksuksb": {
      "id": "mmh76f2hxksuksb",
      "name": "P. Thalib",
      "birth": "",
      "death": "",
      "photo": "assets/default-avatar.png",
      "spouse": null,
      "children": [
        "mmh76f2hx6lqa06",
        "mmh76f2hxgv63h3",
        "mmh76f2hxg1gxc6",
        "mmh76f2hx4jfwxq"
      ]
    },
    "mmh76f2hx6lqa06": {
      "id": "mmh76f2hx6lqa06",
      "name": "Nasruddin",
      "birth": "",
      "death": "",
      "photo": "assets/default-avatar.png",
      "spouse": null,
      "children": []
    },
    "mmh76f2hxgv63h3": {
      "id": "mmh76f2hxgv63h3",
      "name": "Rahmatiah",
      "birth": "",
      "death": "",
      "photo": "assets/default-avatar.png",
      "spouse": null,
      "children": []
    },
    "mmh76f2hxg1gxc6": {
      "id": "mmh76f2hxg1gxc6",
      "name": "Muhammad Ali",
      "birth": "",
      "death": "",
      "photo": "assets/default-avatar.png",
      "spouse": null,
      "children": []
    },
    "mmh76f2hx4jfwxq": {
      "id": "mmh76f2hx4jfwxq",
      "name": "Marwiyah",
      "birth": "",
      "death": "",
      "photo": "assets/default-avatar.png",
      "spouse": null,
      "children": []
    }
  },
  "meta": {
    "version": 2,
    "migratedAt": "2025-10-26T03:55:53.830Z"
  }
}