{
  "Puang Guru Nasing": {
    "children": {
      "Puang Tadung": {
        "children": {
          "Puang Kebo'": {
            "children": {
              "P. Ngai": {},
              "P. Pisa": {},
              "P. Halima": {},
              "P. Ahmad": {},
              "P. Marsuki": {}
            }
          },
          "Sallimang P. Ballung": {
            "children": {
              "Anisi P. So`na": {},
              "Pak Yakub Ahmad": {},
              "Abd. Razak Ahmad": {},
              "Syamsiah": {},
              "Muliati Ahmad": {},
              "Nurhayati Ahmad": {},
              "St. Harmin Ahmad": {},
              "Muh. Tayyeb Ahmad": {},
              "Yusuf Ahmad": {}
            }
          },
          "Muh. Yusuf P. Lawa": {
            "children": {
              "Rustam": {},
              "Rusli": {},
              "Djamaluddin": {},
              "Muh. Amin": {},
              "Syamsuddin": {}
            }
          },
          "Muh. Kadir P. Siala": {
            "children": {
              "Nuraeni P. Suji": {},
              "Nurbakti P. Se're": {},
              "Nurhayati P. Ngai": {},
              "Nur Ansar P. Lawa": {},
              "Sukardi P. Sijarra": {}
            }
          },
          "Aisyah P. Siang": {
            "children": {
              "A. Asiah Pt. Lino": {},
              "A. Rahman Pt. Sarro": {},
              "A. Kartini Pt. Tajammeng": {},
              "A. Muhtar Pt. Sempa": {},
              "A. Murni Pt. Kanang": {},
              "A. Darmawati Pt. Intang": {},
              "A. Nasruddin Pt. Ego": {}
            }
          },
          "Usman P. Nyonri": {
            "children": {
              "A. Hermansyah Pt. Situru": {},
              "Sudirman P. Talle": {},
              "Hasmawati P. Lu'mu": {},
              "Muliati P. Sangnging": {},
              "Sudarmin P. Rewa": {},
              "Sulaeman": {},
              "Arif P. Sijaya": {},
              "Syahrir P. Beta": {},
              "Mustakim P. Tippa": {},
              "Hariati P. Jinne": {},
              "Muriati P. Te'ne": {},
              "Sitti Rahmawati P. Rampu": {},
              "Sarmila": {},
              "Nia": {}
            }
          },
          "Aminah": {},
          "Saleh": {}
        }
      },
      "Puang Hammadu": {
        "children": {
          "P. Halimah": {
            "children": {}
          },
          "P. Suado": {
            "children": {}
          },
          "P. Hawwa": {
            "children": {}
          },
          "P. Mu'min": {
            "children": {}
          }
        }
      },
      "Puang Badu": {
        "children": {
          "Arie Karim P. Rapi": {
            "children": {
              "M. Syahrir AK Dg. Nasing": {},
              "M. Fahry AK Dg. Pacilo": {},
              "Farida AK Dg. Rimang": {},
              "Chandra AK Dg. Beta": {},
              "Dewiyanie AK Dg. Memang": {}
            }
          },
          "Hasna P. Kanang": {
            "children": {
              "Amran Dg. Sese": {},
              "Haris Dg. Ngitung": {},
              "Hermi Dg. Pa'ja": {},
              "Suriani Dg. Nginga": {}
            }
          },
          "Hafsah P. Rannu": {
            "children": {
              "Andriani Dg. Kati": {},
              "Andrianti Dg. Sompa": {},
              "Sakir Dg. Nagga": {},
              "Satria Dg. Tarring": {},
              "Salma Dg. Lu'mu": {},
              "Syahrul Dg. Bombong": {},
              "Syamsinar Dg. Janna": {},
              "Syarif Dg. Mone": {}
            }
          }
        }
      },
      "Puang Dida": {
        "children": {
          "P. Hasan": {
            "children": {
              "H. Zainuddin": {},
              "Sitti Salma": {},
              "Nur Zam Zam": {}
            }
          },
          "P. Yunus": {
            "children": {
              "Muhammad Ilyas": {},
              "Marjani": {},
              "Syahrir": {},
              "Lukman": {},
              "Fitri": {},
              "Ayu": {}
            }
          },
          "P. Hapia": {
            "children": {
              "Abdul Hakim": {},
              "Asikin": {},
              "Arifin": {},
              "Arsidin": {},
              "Agung": {}
            }
          },
          "P. M. Kasim Sabir": {
            "children": {
              "Nurlia": {},
              "Norma": {},
              "Muhammad Sukarli": {},
              "Suherman": {},
              "Sudirman": {},
              "Syamsu Alam": {},
              "Hamdan Dg. Nuntung": {},
              "Vera": {},
              "Hamka": {}
            }
          },
          "P. Thalib": {
            "children": {
              "Nasruddin": {},
              "Rahmatiah": {},
              "Muhammad Ali": {},
              "Marwiyah": {}
            }
          }
        }
      }
    }
  }
}